dday,Dprio,NumPax,forecast,se_oos,PI_lb,PI_ub
Friday,1,772.0,967.0547122213782,197.357483186168,572.3397458490422,1361.7696785937142
Friday,2,771.0,950.1874974564859,195.8476306526946,558.4922361510967,1341.882758761875
Friday,3,761.0,933.5663582431669,195.03686326598563,543.4926317111956,1323.6400847751381
Friday,4,753.0,917.1876558901898,193.6034900180718,529.9806758540462,1304.3946359263334
Friday,5,750.0,901.0478061936777,192.98469297887556,515.0784202359266,1287.0171921514288
Friday,6,748.0,885.1432786117554,192.18998594363933,500.7633067244767,1269.523250499034
Friday,7,729.0,869.4705954518279,189.39127925936336,490.68803693310116,1248.2531539705546
Friday,8,713.0,854.026331070294,186.60693392329256,480.81246322370885,1227.240198916879
Friday,9,679.0,838.8071110845034,183.8903719578783,471.0263671687468,1206.5878550002599
Friday,10,655.0,823.8096115967702,181.31407375587256,461.1814640850251,1186.4377591085154
Friday,11,642.0,809.030558430255,180.1277142606773,448.77512990890045,1169.2859869516096
Friday,12,640.0,794.4667263765305,179.4409090591975,435.58490825813544,1153.3485444949256
Friday,13,640.0,780.1149384546547,178.81331546814488,422.488307518365,1137.7415693909445
Friday,14,631.0,765.9720651815717,178.28864027192807,409.39478463771553,1122.5493457254279
Friday,15,616.0,752.0350238536633,175.78915982598377,400.4567042016958,1103.6133435056308
Friday,16,595.0,738.3007778392847,172.66579602045073,392.96918579838325,1083.6323698801862
Friday,17,579.0,724.7663358821094,171.10047220972962,382.56539146265015,1066.9672803015687
Friday,18,569.0,711.4287514151204,170.80400134073548,369.8207487336494,1053.0367540965913
Friday,19,568.0,698.2851218850802,169.62392426312576,359.0372733588287,1037.5329704113317
Friday,20,561.0,685.3325880873219,169.05921887466428,347.2141503379934,1023.4510258366505
Friday,21,536.0,672.5683335107004,167.30097525440686,337.9663830018867,1007.1702840195142
Friday,22,523.0,659.9895836925442,165.88309216289224,328.22339936675974,991.7557680183287
Friday,23,508.0,647.5936055834596,164.50788524750376,318.5778350884521,976.6093760784672
Friday,24,495.0,635.3777069218308,160.64656488469421,314.0845771524424,956.6708366912193
Friday,25,476.0,623.3392356178679,158.10379537184153,307.1316448741848,939.546826361551
Friday,26,476.0,611.4755791470564,157.61566334899618,296.244252449064,926.7069058450487
Friday,27,473.0,599.7841639528623,157.09653407924188,285.59109579437853,913.977232111346
Friday,28,465.0,588.2624548585511,156.7422214687937,274.7780119209637,901.7468977961385
Friday,29,453.0,576.9079544879787,155.5982281863535,265.7114981152717,888.1044108606857
Friday,30,434.0,565.71820269522,152.95805442539674,259.80209384442657,871.6343115460136
Friday,31,423.0,554.6907760028927,152.09231582877047,250.50614434535174,858.8754076604337
Friday,32,411.0,543.8232870490493,150.39559723166673,243.03209258571587,844.6144815123828
Friday,33,406.0,533.1133840425003,149.93076675748608,233.25185052752818,832.9749175574725
Friday,34,406.0,522.5587502264423,149.50932622314153,223.54009778015921,821.5774026727254
Friday,35,390.0,512.1571033502594,147.4389703355267,217.27916267920597,807.0350440213128
Friday,36,378.0,501.9061951493764,145.54745353070868,210.81128808795904,793.0011022107938
Friday,37,372.0,491.8038108330379,144.49657514372723,202.81066054558346,780.7969611204924
Friday,38,356.0,481.8477685798897,142.67132197857202,196.50512462274565,767.1904125370338
Friday,39,319.0,472.03591904124573,114.54723469034009,242.94144966056555,701.1303884219259
Friday,40,315.0,462.3661448519197,113.83737141522273,234.69140202147426,690.0408876823652
Friday,41,311.0,452.8363601485073,112.68999186806167,227.45637641238397,678.2163438846306
Friday,42,302.0,443.4445100950023,111.8930344362585,219.65844122248527,667.2305789675192
Friday,43,294.0,434.1885704156344,111.21256313727207,211.76344414109025,656.6136966901786
Friday,44,286.0,425.06654693482074,110.61689403877801,203.8327588572647,646.3003350123768
Friday,45,270.0,416.0764751241151,109.4705062729008,197.1354625783135,635.0174876699167
Friday,46,254.0,407.2164196560556,106.17547414210557,194.86547137184448,619.5673679402668
Friday,47,249.0,398.4844739647969,105.63929198420533,187.20588999638625,609.7630579332076
Friday,48,247.0,389.8787598134295,105.21038081502023,179.45799818338904,600.29952144347
Friday,49,222.0,381.3974268678784,83.37638040172519,214.644666064428,548.1501876713287
Friday,50,213.0,373.03865227728244,81.86998729587484,209.29867768553277,536.7786268690321
Friday,51,201.0,364.80064026075485,80.43147110737628,203.93769804600228,525.6635824755074
Friday,52,196.0,356.68162170042547,79.61928984916511,197.44304200209524,515.9202013987557
Friday,53,183.0,348.6798537406711,76.24626873988072,196.18731626090965,501.17239122043253
Friday,54,181.0,340.79361939343477,75.75181743008909,189.2899845332566,492.29725425361295
Friday,55,180.0,333.02122714954436,75.28724314058886,182.44674086836665,483.59571343072207
Friday,56,176.0,325.36101059593693,74.35947895259274,176.64205269075146,474.0799685011224
Friday,57,164.0,317.8113280386976,72.37809171282036,173.05514461305685,462.5675114643383
Friday,58,156.0,310.37056213182416,69.87942359285522,170.61171494611372,450.1294093175346
Friday,59,150.0,303.0371195116309,69.29014971188133,164.45682008786827,441.6174189353936
Friday,60,145.0,295.80943043670294,68.57749944872555,158.65443153925185,432.96442933415403
Friday,61,145.0,288.68594843331726,68.14907900122091,152.38779043087544,424.9841064357591
Friday,62,140.0,281.66514994624634,66.95258203372171,147.75998587880292,415.57031401368977
Friday,63,135.0,274.74553399486217,65.53495029911552,143.67563339663113,405.8154345930932
Friday,64,131.0,267.9256218344588,64.95237366351809,138.02087450742263,397.830369161495
Friday,65,125.0,261.20395662271346,62.64116187114136,135.92163288043076,386.48628036499616
Friday,66,122.0,254.1306123395318,60.940242743811474,132.25012685190887,376.01109782715474
Friday,67,116.0,247.96321940542234,59.418031771335784,129.12715586275078,366.7992829480939
Friday,68,113.0,241.88399826870273,58.52472520194042,124.83454786482189,358.93344867258355
Friday,69,111.0,235.89167042641816,57.34427095547455,121.20312851546906,350.58021233736724
Friday,70,108.0,229.98497617090806,56.80059503157876,116.38378610775054,343.58616623406556
Friday,71,102.0,224.16267430987446,55.69724969482051,112.76817492023343,335.5571736995155
Friday,72,101.0,218.7573655682077,55.36467382000215,108.02801792820338,329.486713208212
Friday,73,101.0,213.4286434352999,55.07363970053899,103.28136403422192,323.5759228363779
Friday,74,94.0,208.1754072635502,54.11624704765846,99.94291316823328,316.4079013588671
Friday,75,95.0,202.99657244685577,53.53367473505349,95.92922297674879,310.0639219169627
Friday,76,93.0,197.89107018363052,53.10203664445913,91.68699689471225,304.0951434725488
Friday,77,89.0,192.8578472433682,51.70635504880564,89.44513714575693,296.2705573409795
Friday,78,81.0,187.8958657366984,50.90750647362115,86.0808527894561,289.7108786839407
Friday,79,81.0,183.00410288888102,50.63041696886964,81.74326895114174,284.2649368266203
Friday,80,72.0,178.18155081668812,47.430473822308706,83.3206031720707,273.0424984613055
Friday,81,66.0,173.4272163086215,46.401609755478944,80.62399679766361,266.2304358195794
Friday,82,63.0,168.74012060841562,45.86469148732341,77.0107376337688,260.4695035830624
Friday,83,63.0,164.11929920177627,45.56668351768412,72.98593216640803,255.25266623714452
Friday,84,61.0,159.56380160630573,45.120725022694344,69.32235156091704,249.80525165169442
Friday,85,58.0,155.072691164567,44.49121257419454,66.09026601617792,244.0551163129561
Friday,86,56.0,150.64504484023843,44.057158907872875,62.53072702449268,238.75936265598418
Friday,87,54.0,146.27995301731352,43.543825026117396,59.192302965078724,233.3676030695483
Friday,88,50.0,141.97651930229847,41.571272640595524,58.83397402110742,225.11906458348952
Friday,89,49.0,137.73386032936327,41.075186275960434,55.5834877774424,219.88423288128413
Friday,90,49.0,133.55110556840108,40.66794703459357,52.21521149921395,214.88699963758822
Friday,91,48.0,129.42739713595216,40.04003914790601,49.34731884014015,209.5074754317642
Friday,92,48.0,125.60312966165074,39.398368896265396,46.80639186911995,204.39986745418153
Friday,93,46.0,122.0696973184501,39.07821568267163,43.91326595310683,200.22612868379338
Friday,94,43.0,118.58516422037792,37.8734723110651,42.83821959824772,194.33210884250812
Friday,95,28.0,115.59733518675158,28.069481502060466,59.45837218263065,171.7362981908725
Friday,96,26.0,111.98248621705106,27.411555579391454,57.159375058268154,166.80559737583397
Friday,97,26.0,108.41814972263113,26.93023712527536,54.557675472080405,162.27862397318185
Friday,98,22.0,105.1224511597244,24.984889186647333,55.15267278642974,155.09222953301907
Friday,99,21.0,101.87231836260169,24.39850128751827,53.07531578756515,150.66932093763822
Friday,100,21.0,98.66711280144028,23.947348393383876,50.77241601467253,146.56180958820804
Friday,101,19.0,95.74162022930955,23.450556684696664,48.84050685991622,142.64273359870288
Friday,102,18.0,92.85681736405832,23.128864168481655,46.599089027095005,139.11454570102163
Friday,103,18.0,90.01213042227936,22.91939275843153,44.17334490541629,135.85091593914242
Friday,104,14.0,87.20699382703253,21.039345136435028,45.12830355416248,129.2856840999026
Friday,105,14.0,84.44085008880104,20.310657075070505,43.81953593866003,125.06216423894205
Friday,106,14.0,81.71314968819885,20.065893109695565,41.58136346880772,121.84493590758998
Friday,107,13.0,79.0233509604024,19.69476682724768,39.63381730590704,118.41288461489776
Friday,108,10.0,76.3709199812815,18.54328835127425,39.284343278733004,113.45749668383
Friday,109,9.0,73.75533045520382,18.10737174193885,37.54058697132612,109.97007393908152
Friday,110,9.0,71.17606360448808,17.82371511597064,35.5286333725468,106.82349383642935
Friday,111,9.0,68.63260806048154,17.43690256006081,33.75880294035993,103.50641318060316
Friday,112,7.0,66.29879359455902,16.881702492385003,32.53538860978901,100.06219857932902
Friday,113,6.0,63.9969810058712,16.430051141161705,31.136878723547788,96.85708328819462
Friday,114,6.0,61.72672575956736,16.199277194621953,29.328171370323453,94.12528014881127
Friday,115,6.0,59.48758958101908,15.950958893925106,27.585671793168867,91.38950736886929
Friday,116,6.0,57.279140366405265,15.590451719069623,26.09823692826602,88.46004380454451
Friday,117,6.0,55.2928573315475,15.423556016550984,24.445745298445534,86.13996936464947
Friday,118,6.0,53.33397982051802,15.254905345571885,22.824169129374248,83.84379051166178
Friday,119,1.0,51.402124624907856,11.255540897955424,28.89104282899701,73.91320642081871
Friday,120,2.0,49.6816053535375,10.376339251224639,28.92892685108822,70.43428385598678
Friday,121,2.0,47.98501435817067,10.16148330832748,27.662047741515714,68.30798097482563
Friday,122,2.0,46.31201424297858,9.843832041416078,26.62435016014642,65.99967832581073
Friday,123,1.0,44.84002114127186,9.180846163113745,26.47832881504437,63.20171346749935
Friday,124,1.0,43.38870279488782,9.018112421703778,25.352477951480264,61.42492763829537
Friday,125,1.0,41.95776470125252,8.850990139729454,24.255784421793614,59.65974498071143
Friday,126,1.0,40.54691661277572,8.67641971040533,23.194077191965057,57.89975603358638
Friday,127,1.0,39.15587247451453,8.486643793597596,22.18258488731934,56.129160061709726
Friday,128,1.0,37.78435036276266,8.20068011858876,21.38299012558514,54.18571059994018
Friday,129,1.0,36.59670889964275,8.081208429727042,20.434292040188666,52.75912575909683
Friday,130,1.0,35.425948431648706,7.961176811632973,19.503594808382758,51.348302054914654
Friday,131,1.0,34.271825584312154,7.840186786282736,18.591452011746682,49.952199156877626
Friday,132,1.0,33.1341005412462,7.717679836307805,17.698740868630587,48.56946021386181
Friday,133,1.0,32.01253699142749,7.59281771877702,16.826901553873448,47.19817242898153
Friday,134,1.0,30.906902077269088,7.464214083469802,15.978473910329484,45.83533024420869
Friday,135,1.0,29.81696634347226,7.329199735948521,15.158566871575218,44.4753658153693
Friday,136,1.0,28.74250368664528,7.1809328382824535,14.380638010080371,43.10436936321018
Friday,137,1.0,27.683291305677702,6.947318838166211,13.78865362934528,41.57792898201012
Friday,138,1.0,26.785868902862436,6.862638700933452,13.060591500995532,40.51114630472934
Friday,139,1.0,25.9013984219679,6.778150305761709,12.345097810444482,39.45769903349132
Friday,140,1.0,25.029690314149672,6.693740772733558,11.642208768682556,38.417171859616786
Friday,141,1.0,24.17055784171681,6.6092751824494655,10.95200747681788,37.389108206615745
Friday,142,1.0,23.323817035921444,6.524588137547944,10.274640760825555,36.37299331101733
Friday,143,1.0,22.489286655389307,6.439470528537867,9.610345598313573,35.36822771246504
Friday,144,1.0,21.66678814518139,6.3536475917295965,8.959492961722196,34.37408332864058
Friday,145,1.0,20.85614559647706,6.266739853082055,8.32266589031295,33.38962530264117
Friday,146,1.0,20.05718570686907,6.178186750135623,7.700812206597824,32.41355920714032
Friday,147,1.0,19.269737741261153,6.08707624337095,7.0955852545192535,31.443890228003053
Friday,148,1.0,18.493633493358875,5.991680049207609,6.510273394943656,30.476993591774093
Friday,149,1.0,17.7287072477447,5.887629343291449,5.953448561161803,29.5039659343276
Friday,150,1.0,16.97479574252837,5.729354955967953,5.516085830592466,28.433505654464277
Friday,151,1.0,16.32427176976935,5.6647523163231845,4.994767137122981,27.65377640241572
Friday,152,1.0,15.682952524854915,5.599581009112236,4.483790506630443,26.88211454307939
Friday,153,1.0,15.050705902994107,5.533592935455545,3.9835200320830175,26.117891773905196
Friday,154,1.0,14.427401722225007,5.466455166395226,3.494491389434554,25.36031205501546
Friday,155,1.0,13.812911695044356,5.397700076821914,3.0175115414005287,24.60831184868818
Friday,156,1.0,13.207109400461192,5.326629932511388,2.5538495354384168,23.860369265483968
Friday,157,1.0,12.609870256468005,5.252111027208729,2.1056482020505474,23.11409231088546
Friday,158,1.0,12.02107149292318,5.172039905725111,1.676991681472959,22.365151304373402
Friday,159,0.0,11.440592124838435,4.30463150797105,2.8313291088963357,20.049855140780537
Friday,160,0.0,10.868312926065183,4.057365844431768,2.7535812372016473,18.98304461492872
Friday,161,0.0,10.492181910937575,3.9558529415424926,2.5804760278525896,18.40388779402256
Friday,162,0.0,10.198757063529431,3.933151344105542,2.3324543753183473,18.065059751740513
Friday,163,0.0,9.909320587050548,3.9105899676363256,2.0881406517778967,17.730500522323197
Friday,164,0.0,9.62381760347869,3.888159525384059,1.8474985527105723,17.400136654246808
Friday,165,0.0,9.342193999906135,3.8658503347993487,1.6104933303074374,17.07389466950483
Friday,166,0.0,9.06439641772349,3.8436522587811113,1.3770919001612674,16.75170093528571
Friday,167,0.0,8.790372241958615,3.821554637399609,1.1472629671593966,16.433481516757833
Friday,168,0.0,8.520069590768347,3.7995462080630364,0.9209771746422746,16.11916200689442
Friday,169,0.0,8.253437305080878,3.7776150115615144,0.6982072819578491,15.808667328203907
Friday,170,0.0,7.990424938386505,3.755748280719982,0.47892837694654133,15.50192149982647
Friday,171,0.0,7.730982746674682,3.733932307456908,0.26311813176086574,15.198847361588498
Friday,172,0.0,7.475061678515203,3.71215228278791,0.05075711293938312,14.899366244091024
Friday,173,0.0,7.222613365281414,3.690392102599331,-0.1581708399172479,14.603397570480077
Friday,174,0.0,6.973590111513424,3.6686341296492477,-0.36367814778507146,14.31085837081192
Friday,175,0.0,6.727944885419257,3.6468588989345356,-0.5657729124498143,14.021662683288328
Friday,176,0.0,6.485631309511959,3.6250447488345348,-0.7644581881571106,13.735720807181028
Friday,177,0.0,6.24660365138066,3.6031673535851243,-0.9597310557895886,13.45293835855091
Friday,178,0.0,6.010816814593685,3.581199122495563,-1.1515814303974405,13.17321505958481
Friday,179,0.0,5.778226329731771,3.559108415988362,-1.3399905022449534,12.896443161708495
Friday,180,0.0,5.5487883455494975,3.5368585047868284,-1.5249286640241593,12.622505355123154
Friday,181,0.0,5.322459620263106,3.514406160733738,-1.70635270120437,12.351271941730582
Friday,182,0.0,5.09919751296283,3.491699705515405,-1.88420189806798,12.08259692399364
Friday,183,0.0,4.878959975147964,3.468676237523347,-2.05839249989873,11.816312450194658
Friday,184,0.0,4.66170554238289,3.4452575685534357,-2.228809594723981,11.55222067948976
Friday,185,0.0,4.447393326072276,3.4213440498061956,-2.3952947735401153,11.290081425684667
Friday,186,0.0,4.23598300535377,3.3968047682916125,-2.557626531229455,11.029592541936996
Friday,187,0.0,4.027434819106442,3.3714611058497757,-2.7154873925931096,10.770357030805993
Friday,188,0.0,3.821709558073329,3.345057175734349,-2.868404793395369,10.511823909542027
Friday,189,0.0,3.618768557096414,3.317201508038609,-3.0156344589808035,10.253171573173631
Friday,190,0.0,3.4185736874624126,3.2872360699851817,-3.1558984525079508,9.993045827432777
Friday,191,0.0,3.221087349357774,3.253877279932078,-3.286667210506382,9.72884190922193
Friday,192,0.0,3.0262724644313037,3.213803126527715,-3.401333788624126,9.453878717486734
Friday,193,2.0,2.834092468462857,2.261413941083126,-1.6887354137033954,7.356920350629109
Friday,194,2.0,2.716288844082519,2.2518921241096246,-1.7874954041367301,7.220073092301768
Friday,195,2.0,2.6001375933550666,2.2423297166327276,-1.8845218399103887,7.084797026620522
Friday,196,2.0,2.4856152113819294,2.2327140584485274,-1.9798129055151255,6.951043328278985
Friday,197,2.0,2.3726985323988488,2.2230308832441863,-2.073363234089524,6.818760298887222
Friday,198,2.0,2.261364724814083,2.213263969497513,-2.165163214180943,6.687892663809109
Friday,199,0.0,2.151591286320184,0.43535411102858124,1.2808830642630213,3.0222995083773463
Friday,200,0.0,2.043356039078234,0.42137848770995373,1.2005990636583266,2.8861130144981417
Friday,201,0.0,1.9366371249734637,0.40728287479846526,1.1220713753765332,2.751202874570394
Friday,202,0.0,1.8314130009411684,0.39303576054257794,1.0453414798560126,2.6174845220263245
Friday,203,0.0,1.7276624343618794,0.3785992638890628,0.9704639065837538,2.484860962140005
Friday,204,0.0,1.6253644985247444,0.36392702631458307,0.8975104458955783,2.3532185511539105
Friday,205,0.0,1.524498568158097,0.3489611189113385,0.8265763303354199,2.222420805980774
Friday,206,0.0,1.4250443150262055,0.3336273375967327,0.7577896398327402,2.092298990219671
Friday,207,0.0,1.3269817035912115,0.31782772533543857,0.6913262529203343,1.9626371542620886
Friday,208,0.0,1.2302909867392777,0.3014280217476175,0.6274349432440427,1.8331470302345128
Friday,209,0.0,1.1349527015699858,0.2842350813906551,0.5664825387886756,1.703422864351296
Friday,210,0.0,1.0409476652480356,0.2659523095864049,0.5090430460752258,1.5728522844208455
Friday,211,0.0,0.9482569709163082,0.24607953380668846,0.4560979033029313,1.4404160385296851
Friday,212,0.0,0.856861983669382,0.2236385151986776,0.4095849532720268,1.3041390140667373
Friday,213,0.0,0.7667443365865875,0.19609250511842216,0.37455932634974315,1.1589293468234318
Friday,214,0.0,0.6778859268237145,0.13650126082438688,0.40488340517494076,0.9508884484724882
Friday,215,0.0,0.6451606807248257,0.13252038512777745,0.3801199104692708,0.9102014509803806
Friday,216,0.0,0.6129626333483451,0.1285493610235242,0.3558639113012967,0.8700613553953935
Friday,217,0.0,0.581283291603279,0.1245847403422894,0.3321138109187002,0.8304527722878577
Friday,218,0.0,0.5501142992210338,0.12062276501569354,0.3088687691896468,0.7913598292524209
Friday,219,0.0,0.5194474345512288,0.11665931103583237,0.286128812479564,0.7527660566228935
Friday,220,0.0,0.48927460839301584,0.11268981947355024,0.2638949694459154,0.7146542473401163
Friday,221,0.0,0.45958786186133915,0.10870921071070898,0.2421694404399212,0.6770062832827571
Friday,222,0.0,0.43037936428756673,0.1047117766195773,0.22095581104841214,0.6398029175267214
Friday,223,0.0,0.40164141115394375,0.10069104335797671,0.20025932443799033,0.6030234978698972
Friday,224,0.0,0.37336642206132115,0.09663959439241257,0.180087233276496,0.5666456108461463
Friday,225,0.0,0.34554693872962366,0.09254883873656883,0.160449261256486,0.5306446162027614
Friday,226,0.0,0.31817562303053026,0.08840870222092385,0.14135821858868255,0.49499302747237794
Friday,227,0.0,0.2912452550518478,0.08420720817673946,0.12283083869836886,0.4596596714053267
Friday,228,0.0,0.2647487311930671,0.0799298951101639,0.10488894097273926,0.4246085214133949
Friday,229,0.0,0.2386790622915997,0.0755589868625147,0.0875610885665703,0.3897970360166291
Friday,230,0.0,0.21302937177919998,0.07107217368497872,0.07088502440924255,0.3551737191491574
Friday,231,0.0,0.18779289386808798,0.06644075597816251,0.05491138191176295,0.320674405824413
Friday,232,0.0,0.16296297176629268,0.0616266908357776,0.039709590094737485,0.2862163534378479
Friday,233,0.0,0.13853305592174608,0.05657763016596652,0.02537779558981304,0.25168831625367916
Friday,234,0.0,0.11449670229466509,0.05121798453190827,0.012060733230848553,0.21693267135848163
Friday,235,0.0,0.09084757065776419,0.045431272404934116,-1.497415210403863e-05,0.18171011546763244
Friday,236,0.0,0.0675794229238525,0.0390204281545473,-0.010461433385242108,0.1456202792329471
Friday,237,0.0,0.0446861215003721,0.0315989012989037,-0.018511681097435298,0.1078839240981795
Friday,238,0.0,0.0221616276704447,0.0221616276704447,-0.0221616276704447,0.0664848830113341
Monday,1,239.0,310.29473102157783,49.667873795459634,210.95898343065858,409.6304786124971
Monday,2,239.0,305.14838870740397,49.40053485802735,206.34731899134925,403.9494584234587
Monday,3,234.0,300.0793555781183,49.20780502973072,201.66374551865684,398.49496563757975
Monday,4,227.0,295.0864702826673,49.05486279796742,196.97674468673245,393.1961958786021
Monday,5,214.0,290.1685889160005,48.27068375830985,193.6272213993808,386.7099564326202
Monday,6,206.0,285.32458475699366,47.91762301217143,189.4893387326508,381.1598307813365
Monday,7,203.0,280.5533480103092,47.51801036473233,185.51732728084454,375.5893687397739
Monday,8,203.0,275.8537855521342,47.28504433600858,181.28369688011702,370.42387422415135
Monday,9,202.0,271.2248206797381,47.11375626007663,176.99730815958486,365.45233319989137
Monday,10,198.0,266.6653928647926,46.85502176975796,172.95534932527664,360.3754364043085
Monday,11,189.0,262.1744575103969,46.260797557522494,169.65286239535192,354.6960526254419
Monday,12,188.0,257.7509857117537,46.10142328216951,165.54813914741464,349.9538322760927
Monday,13,179.0,253.39396402043954,44.9531306979999,163.48770262443975,343.30022541643933
Monday,14,170.0,249.10239421221675,42.656940775550005,163.78851266111673,334.4162757633168
Monday,15,168.0,244.87529305833326,42.55178744043111,159.77171817747103,329.9788679391955
Monday,16,168.0,240.71169210025806,42.34759776798527,156.01649656428754,325.4068876362286
Monday,17,159.0,236.6106374278005,40.57486078092412,155.46091586595224,317.76035898964875
Monday,18,157.0,232.5711894605627,40.27604711717403,152.01909522621463,313.12328369491075
Monday,19,152.0,228.59242273267523,40.02645434175456,148.53951404916612,308.6453314161844
Monday,20,150.0,224.67342568076634,39.93037058216727,144.8126845164318,304.5341668451009
Monday,21,143.0,220.81330043511642,39.364649945210715,142.084000544695,299.5426003255378
Monday,22,143.0,217.01116261394958,39.18059989237773,138.64996282919412,295.37236239870504
Monday,23,142.0,213.26614112081577,39.04592502362188,135.17429107357202,291.3579911680595
Monday,24,141.0,209.57737794501648,38.91471199454921,131.74795395591806,287.4068019341149
Monday,25,134.0,205.94402796502837,38.10538613117331,129.73325570268173,282.154800227375
Monday,26,129.0,202.3652587548799,37.82856785957538,126.70812303572914,278.02239447403065
Monday,27,126.0,198.84025039343706,37.679237089164154,123.48177621510875,274.19872457176535
Monday,28,124.0,195.3681952765532,37.59731318376693,120.17356890901934,270.5628216440871
Monday,29,123.0,191.94829793204178,37.47935500429867,116.98958792344445,266.9070079406391
Monday,30,123.0,188.57977483742758,37.32767202190862,113.92443079361034,263.23511888124483
Monday,31,120.0,185.26185424043666,37.28611033151932,110.68963357739803,259.8340749034753
Monday,32,114.0,181.99377598218226,35.59200142290626,110.80977313636974,253.17777882799476
Monday,33,112.0,178.77479132300704,35.40204279672191,107.97070572956322,249.57887691645084
Monday,34,113.0,175.60416277094168,34.884243872692956,105.83567502555577,245.3726505163276
Monday,35,102.0,172.4811639127403,31.872608613445465,108.73594668584937,236.22638113963123
Monday,36,103.0,169.40507924745398,31.563407555192104,106.27826413706978,232.53189435783818
Monday,37,104.0,166.3752040225046,31.257139739475015,103.86092454355456,228.8894835014546
Monday,38,101.0,163.39084407222094,31.20910984464149,100.97262438293797,225.80906376150392
Monday,39,97.0,160.45131565880064,30.93354039011342,98.5842348785738,222.31839643902748
Monday,40,91.0,157.5559453156609,30.58177846996451,96.39238837573187,218.71950225558993
Monday,41,88.0,154.70406969314257,30.401039822390516,93.90199004836154,215.5061493379236
Monday,42,81.0,151.89503540653234,29.659045504112363,92.57694439830762,211.21312641475708
Monday,43,81.0,149.12819888636733,29.529706857045177,90.06878517227698,208.18761260045767
Monday,44,81.0,146.40292623098907,29.40368118633995,87.59556385830916,205.21028860366897
Monday,45,78.0,143.7185930613121,29.214325398034376,85.28994226524335,202.14724385738086
Monday,46,75.0,141.0745843777745,28.746304886748618,83.58197460427726,198.56719415127174
Monday,47,72.0,138.47029441943678,28.69134807049865,81.08759827843949,195.85299056043408
Monday,48,70.0,135.90512652519823,28.475849821168723,78.95342688286078,192.85682616753567
Monday,49,64.0,133.37849299709754,28.192370002428085,76.99375299224137,189.76323300195372
Monday,50,63.0,130.88981496566686,28.09970741350323,74.69040013866041,187.0892297926733
Monday,51,63.0,128.43852225730905,27.99258316405343,72.45335592920219,184.4236885854159
Monday,52,63.0,126.02405326366669,27.888259953220256,70.24753335722617,181.8005731701072
Monday,53,61.0,123.64585481295386,27.81388148142354,68.01809185010677,179.27361777580094
Monday,54,56.0,121.30338204322042,27.632400131414443,66.03858178039154,176.56818230604932
Monday,55,55.0,118.99609827752037,27.547060441966373,63.90197739358763,174.09021916145312
Monday,56,53.0,116.7234749009555,27.473008739465616,61.77745742202426,171.66949237988672
Monday,57,53.0,114.4849912395658,27.381661605315067,59.72166802893567,169.24831445019595
Monday,58,53.0,112.28013444103964,27.292746125486612,57.69464219006641,166.86562669201285
Monday,59,51.0,110.10839935721552,27.07146982801667,55.965459701182176,164.25133901324887
Monday,60,47.0,107.96928842834919,26.85891940017294,54.25144962800331,161.68712722869506
Monday,61,45.0,105.86231156911917,26.78413897148057,52.29403362615803,159.4305895120803
Monday,62,45.0,103.78698605634479,26.703616178635556,50.379753699073675,157.19421841361589
Monday,63,41.0,101.74283641839092,25.71493086130853,50.31297469577386,153.17269814100797
Monday,64,41.0,99.72939432623409,25.635984706960496,48.457424912313094,151.00136374015509
Monday,65,41.0,97.74619848616493,25.559159572560738,46.62787934104345,148.8645176312864
Monday,66,42.0,95.79279453410274,25.32879820324152,45.1351981276197,146.45039094058578
Monday,67,39.0,93.8687349314973,25.08765321945082,43.69342849259566,144.04404137039893
Monday,68,39.0,91.97357886279475,25.015969289074008,41.94164028464674,142.00551744094275
Monday,69,37.0,90.10689213444363,24.774602305154332,40.55768752413496,139.6560967447523
Monday,70,34.0,88.2682470754181,24.524113531393724,39.220020012630656,137.31647413820554
Monday,71,34.0,86.45722243923551,24.45715286386297,37.54291671150957,135.37152816696144
Monday,72,34.0,84.67340330744581,24.39201319295646,35.88937692153289,133.45742969335873
Monday,73,22.0,82.91638099457091,15.034935609106839,52.84650977635724,112.98625221278459
Monday,74,21.0,81.18575295447195,14.916950400085979,51.35185215429999,111.01965375464391
Monday,75,21.0,79.48112268812312,14.819230487725637,49.84266171267185,109.11958366357439
Monday,76,21.0,77.80209965277098,14.723804585411097,48.35449048194879,107.24970882359317
Monday,77,20.0,76.14829917245837,14.606947004579672,46.93440516329902,105.36219318161771
Monday,78,20.0,74.51934234989243,14.5158309512527,45.48768044738702,103.55100425239783
Monday,79,20.0,72.91485597963661,14.426881843175407,44.061092293285796,101.76861966598743
Monday,80,20.0,71.33447246260668,14.340057739935924,42.65435698273484,100.01458794247853
Monday,81,18.0,69.77782972185113,13.908285976678169,41.9612577684948,97.59440167520748
Monday,82,18.0,68.2445711195969,13.823511874485657,40.597547370625584,95.8915948685682
Monday,83,17.0,66.73434537554112,13.705074599763135,39.32419617601485,94.1444945750674
Monday,84,17.0,65.2468064863703,13.62410516789541,37.99859615057949,92.49501682216112
Monday,85,17.0,63.78161364648861,13.54508751297278,36.69143862054305,90.87178867243416
Monday,86,17.0,62.338431169936854,13.467982946227828,35.4024652774812,89.27439706239251
Monday,87,15.0,60.91692841348452,13.306080791275443,34.30476683093363,87.52908999603541
Monday,88,15.0,59.51677970087705,13.232207434486524,33.052364831904,85.9811945698501
Monday,89,13.0,58.137664248221164,12.755603898441233,32.6264564513387,83.64887204510363
Monday,90,12.0,56.77926609049101,12.632374076811308,31.51451793686839,82.04401424411363
Monday,91,12.0,55.44127400913833,12.561313188052862,30.318647633032608,80.56390038524405
Monday,92,7.0,54.12338146079014,8.319944448271405,37.48349256424733,70.76327035733296
Monday,93,7.0,52.825286507017495,8.218035315432656,36.38921587615218,69.26135713788281
Monday,94,6.0,51.546691745159244,8.028565268737143,35.48956120768496,67.60382228263353
Monday,95,5.0,50.28730424018502,7.8351699623543345,34.61696431547635,65.9576441648937
Monday,96,5.0,49.04683545758179,7.736326815315175,33.574181826951445,64.51948908821214
Monday,97,3.0,47.8250011972485,6.873225978790405,34.07854923966769,61.57145315482931
Monday,98,3.0,46.62152152838392,6.766998907738872,33.087523712906176,60.15551934386167
Monday,99,3.0,45.436120725352474,6.662318036404049,32.11148465254438,58.76075679816057
Monday,100,3.0,44.26852720451362,6.559159172146487,31.150208860220644,57.38684554880659
Monday,101,3.0,43.118473462000054,6.457498459923077,30.2034765421539,56.03347038184621
Monday,102,3.0,41.98569601243079,6.3573123761829615,29.271071260064872,54.700320764796714
Monday,103,3.0,40.869935328544734,6.2585777227982,28.352779882948333,53.387090774141136
Monday,104,3.0,39.7709357817412,6.161271621024703,27.448392539691795,52.09347902379061
Monday,105,3.0,38.68844558351361,6.065371505488754,26.557702572536105,50.81918859449112
Monday,106,3.0,37.62221672776297,5.970855118194082,25.680506491374803,49.563926964151136
Monday,107,3.0,36.57200493397792,5.877700502544185,24.816603928889553,48.327405939066296
Monday,108,3.0,35.5375695912684,5.7858859973742,23.96579759652,47.1093415860168
Monday,109,3.0,34.51867370323994,5.695390230986273,23.127893241267394,45.90945416521249
Monday,110,3.0,33.51508383369619,5.606192115181917,22.302699603332353,44.72746806406002
Monday,111,3.0,32.526570053156995,5.518270839284337,21.49002837458832,43.56311173172567
Monday,112,3.0,31.552905886179985,5.4316058641432265,20.689694157893534,42.41611761446644
Monday,113,3.0,30.593868259473425,5.346176916113869,19.901514427245687,41.28622209170116
Monday,114,3.0,29.649237450788576,5.261963981001751,19.125309488785074,40.17316541279207
Monday,115,3.0,28.718797038579787,5.178947297963108,18.36090244265357,39.076691634506005
Monday,116,2.0,27.802333852420794,4.879576371010676,18.043181110399445,37.561486594442144
Monday,117,1.0,26.899637924165894,4.560185245198231,17.779267433769434,36.020008414562355
Monday,118,1.0,26.010502439844743,4.472471387710545,17.065559664423652,34.95544521526583
Monday,119,1.0,25.13472369227984,4.385680966915568,16.363361758448704,33.90608562611098
Monday,120,1.0,24.272101034415797,4.299787470009154,15.67252609439749,32.871675974434105
Monday,121,1.0,23.42243683334968,4.21476405990442,14.992908713540839,31.851964953158518
Monday,122,0.0,22.5855364250519,3.837579158703647,14.910378107644604,30.260694742459194
Monday,123,0.0,21.761208069767356,3.7475940905137115,14.266019888739933,29.25639625079478
Monday,124,0.0,20.94926290808649,3.6581356201922963,13.632991667701896,28.265534148471083
Monday,125,0.0,20.149514917676285,3.5691555447899925,13.0112038280963,27.28782600725627
Monday,126,0.0,19.361780870661228,3.4806026301541113,12.400575610353005,26.32298613096945
Monday,127,0.0,18.585880291644536,3.3924221054377908,11.801036080768954,25.37072450252012
Monday,128,0.0,17.821635416359946,3.30455505165837,11.212525313043205,24.430745519676687
Monday,129,0.0,17.068871150944712,3.216937654912869,10.634995841118975,23.50274646077045
Monday,130,0.0,16.32741503182435,3.1295002845184596,10.068414462787432,22.586415600861272
Monday,131,0.0,15.597097186200035,3.042166341500751,9.512764503198532,21.681429869201537
Monday,132,0.0,14.87775029312953,2.9548508011130874,8.968048690903355,20.787451895355705
Monday,133,0.0,14.16920954519281,2.867458340522666,8.434292864147478,19.90412622623814
Monday,134,0.0,13.47131261073351,2.7798808928480057,7.911550825037498,19.03107439642952
Monday,135,0.0,12.78389959666761,2.6919943898924643,7.399910816882681,18.167888376452538
Monday,136,0.0,12.106813011850807,2.60365432744767,6.899504356955467,17.314121666746146
Monday,137,0.0,11.439897730996183,2.514689569868955,6.410518591258273,16.46927687073409
Monday,138,0.0,10.783000959133918,2.4248934275073464,5.933214104119226,15.63278781414861
Monday,139,0.0,10.135972196604895,2.3340103298792165,5.467951536846462,14.803992856363328
Monday,140,0.0,9.498663204580167,2.24171501731469,5.015233169950787,13.982093239209547
Monday,141,0.0,8.870927971098398,2.1475782051589576,4.575771560780483,13.166084381416313
Monday,142,0.0,8.252622677613505,2.0510057730618954,4.150611131489715,12.354634223737296
Monday,143,0.0,7.6436056660448175,1.951120449046311,3.7413647679521955,11.54584656413744
Monday,144,0.0,7.043737406322213,1.846499164812803,3.350739076696607,10.73673573594782
Monday,145,0.0,6.452880464418813,1.7344598214556055,2.983960821507602,9.921800107330025
Monday,146,0.0,5.870899470863861,1.6082716441586289,2.6543561825466035,9.087442759181119
Monday,147,0.0,5.297661089728649,1.39834399030046,2.500973109127729,8.094349070329569
Monday,148,0.0,4.874190763490894,1.3300075814916172,2.2141756005076596,7.534205926474129
Monday,149,0.0,4.4570818768440486,1.259428838993435,1.9382241988571787,6.975939554830918
Monday,150,0.0,4.046238867215807,1.1858298227927324,1.6745792216303426,6.417898512801273
Monday,151,0.0,3.6415676075902588,1.1079425089331114,1.425682589724036,5.857452625456482
Monday,152,0.0,3.2429753849427114,1.0233673933155347,1.196240598311642,5.28971017157378
Monday,153,0.0,2.8503708789984925,0.9260644593244646,0.9982419603495634,4.702499797647421
Monday,154,0.0,2.4636641413108404,0.7534546491206157,0.9567548430696091,3.970573439552072
Monday,155,0.0,2.2097324302056642,0.7082324986275321,0.7932674329506,3.6261974274607285
Monday,156,0.0,1.9596153222505222,0.6610433173017798,0.6375286876469626,3.2817019568540817
Monday,157,0.0,1.713255513861196,0.6112084636625699,0.4908385865360563,2.9356724411863357
Monday,158,0.0,1.470596562277164,0.5576111687990739,0.35537422467901614,2.5858188998753118
Monday,159,0.0,1.23158287263016,0.4981202046980795,0.2353424632340011,2.227823282026319
Monday,160,0.0,0.996159685207002,0.4273338444771475,0.14149199625270703,1.850827374161297
Monday,161,0.0,0.76427306290376,0.2890003682419008,0.1862723264199584,1.3422737993875615
Monday,162,0.0,0.650071470886072,0.26547920676501163,0.11911305735604871,1.1810298844160951
Monday,163,0.0,0.537585433616364,0.24047058166008092,0.05664427029620217,1.0185265969365258
Monday,164,0.0,0.426789179754314,0.21342514091379633,-6.110207327864048e-05,0.8536394615819067
Monday,165,0.0,0.317657325100833,0.1834135465933891,-0.0491697680859452,0.6844844182876112
Monday,166,0.0,0.21016486678236798,0.14861325808493123,-0.08706164938749447,0.5073913829522304
Monday,167,0.0,0.10428717752256698,0.10428717752256698,-0.10428717752256698,0.31286153256770094
Thursday,1,915.0,1029.3515099974902,195.43691832713324,638.4776733432237,1420.2253466517568
Thursday,2,910.0,1007.507510519666,193.60092828109606,620.3056539574739,1394.709367081858
Thursday,3,900.0,986.0881867753673,190.39341739954963,605.301351976268,1366.8750215744665
Thursday,4,893.0,965.0852825165186,189.30585351135596,586.4735754938067,1343.6969895392306
Thursday,5,894.0,944.4907020072358,187.16783091524798,570.1550401767398,1318.8263638377316
Thursday,6,864.0,924.2965069032584,184.95975916090416,554.3769885814502,1294.2160252250667
Thursday,7,833.0,904.4949131920549,181.54879493691357,541.3973233182278,1267.592503065882
Thursday,8,803.0,885.0782881924107,179.3522974610717,526.3736932702673,1243.7828831145541
Thursday,9,776.0,866.0391476123518,174.48671274299127,517.0657221263693,1215.0125730983343
Thursday,10,733.0,847.3701526642665,169.11122515853404,509.1477023471984,1185.5926029813345
Thursday,11,733.0,829.0641072361072,167.6484781869852,493.7671508621369,1164.3610636100775
Thursday,12,733.0,811.113955117599,166.667550235234,477.77885464713097,1144.449055588067
Thursday,13,711.0,793.5127772803596,164.7273090496966,464.0581591809664,1122.9673953797528
Thursday,14,683.0,776.2537892109115,162.29262471288646,451.66853978513853,1100.8390386366843
Thursday,15,660.0,759.3303382955334,158.49744017305358,442.3354579494262,1076.3252186416405
Thursday,16,632.0,742.7359012559598,153.79886036055635,435.1381805348471,1050.3336219770724
Thursday,17,616.0,726.4640816349311,150.5867472639953,425.29058710694045,1027.6375761629217
Thursday,18,612.0,710.5086073306272,149.71158612962307,411.0854350713811,1009.9317795898734
Thursday,19,610.0,694.8633281790384,147.6989385827954,399.4654510134476,990.2612053446292
Thursday,20,583.0,679.5222135833343,145.71361068884926,388.0949922056358,970.9494349610328
Thursday,21,560.0,664.4793501893224,144.186079227132,376.1071917350584,952.8515086435864
Thursday,22,531.0,649.7289396061002,141.3105898463232,367.1077599134538,932.3501192987467
Thursday,23,505.0,635.265296171018,136.65898858560433,361.94731899980934,908.5832733422267
Thursday,24,475.0,621.0828447580966,129.23857816410754,362.6056884298815,879.5600010863117
Thursday,25,470.0,607.1761186290498,128.48748290914665,350.2011528107565,864.1510844473431
Thursday,26,470.0,593.5397573260863,127.49124847079005,338.55726038450615,848.5222542676663
Thursday,27,450.0,580.1685046056805,125.72803382921947,328.71243694724154,831.6245722641195
Thursday,28,432.0,567.0572064125106,124.35670217776418,318.3438020569822,815.770610768039
Thursday,29,414.0,554.2008088927864,121.53448455816728,311.1318397764519,797.269778009121
Thursday,30,402.0,541.594356446204,120.28796919002457,301.0184180661548,782.1702948262531
Thursday,31,386.0,529.232989815767,118.5470086954796,292.13897242480783,766.3270072067262
Thursday,32,380.0,517.1119442147501,117.85289976992252,281.4061446749051,752.8177437545951
Thursday,33,378.0,505.2265474900727,116.92248236670324,271.3815827566662,739.0715122234792
Thursday,34,360.0,493.57221832138106,113.20130644235489,267.1696054366713,719.9748312060908
Thursday,35,343.0,482.1444644551419,109.0516932959987,264.04107786314444,700.2478510471393
Thursday,36,325.0,470.93888097306797,105.87880406356125,259.1812728459455,682.6964891001904
Thursday,37,311.0,459.95114859420744,103.95540366419493,252.04034126581757,667.8619559225973
Thursday,38,289.0,449.17703201004167,100.93631668106676,247.30439864790816,651.0496653721752
Thursday,39,286.0,438.6123782519542,99.87593837599381,238.8605014999666,638.3642550039418
Thursday,40,284.0,428.25311509043365,98.952985176319,230.34714473779565,626.1590854430717
Thursday,41,267.0,418.0952494654021,93.4628369484674,231.1695755684673,605.0209233623369
Thursday,42,258.0,408.13486594705824,90.21031415638502,227.7142376342882,588.5554942598283
Thursday,43,244.0,398.3681252266436,89.21848654691337,219.93115213281686,576.8050983204703
Thursday,44,231.0,388.79126263655047,86.76665854394372,215.25794554866303,562.3245797244379
Thursday,45,215.0,379.40058669920154,84.08009961698465,211.24038746523223,547.5607859331708
Thursday,46,214.0,370.19247770414,83.30255600527468,203.58736569359064,536.7975897146894
Thursday,47,212.0,361.1633863127839,82.77986955000354,195.60364721277685,526.723125412791
Thursday,48,200.0,352.30983219030503,80.9433122413277,190.42320770764962,514.1964566729605
Thursday,49,191.0,343.6284026641066,79.86912761768468,183.89014742873724,503.36665789947597
Thursday,50,185.0,335.1157514083816,79.30099860192091,176.51375420453977,493.71774861222343
Thursday,51,176.0,326.7685971542448,78.01206490330647,170.74446734763185,482.79272696085775
Thursday,52,162.0,318.5837224249415,75.0886763895527,168.40636964583612,468.76107520404696
Thursday,53,163.0,310.55797229564615,74.32162826118177,161.9147157732826,459.20122881800967
Thursday,54,163.0,302.68825317737105,73.89588668415244,154.89647980906616,450.48002654567597
Thursday,55,160.0,294.97153162451826,72.90044400596325,149.17064361259176,440.77241963644474
Thursday,56,152.0,287.40483316561387,71.70741170635878,143.9900097528963,430.81965657833143
Thursday,57,148.0,279.9852411567745,71.17231408911631,137.6406129785419,422.3298693350072
Thursday,58,143.0,272.7098956574633,70.27580661171346,132.15828243403635,413.26150888089023
Thursday,59,131.0,265.575992328104,67.71760593010578,130.14078046789245,401.01120418831556
Thursday,60,131.0,258.5807813491255,67.34079961208198,123.89918212496156,393.2623805732895
Thursday,61,127.0,251.72156636102224,66.42180063386435,118.87796509329354,384.56516762875094
Thursday,62,117.0,244.995703425021,62.158201517723036,120.67930038957492,369.3121064604671
Thursday,63,106.0,238.40060000395363,59.03728573339803,120.32602853715757,356.4751714707497
Thursday,64,102.0,231.93371396294359,58.44992617674811,115.03386160944737,348.8335663164398
Thursday,65,97.0,225.59255258951924,57.19182613132144,111.20890032687636,339.97620485216214
Thursday,66,90.0,219.3746716327785,53.44519547624725,112.484280680284,326.265062585273
Thursday,67,90.0,213.27767436123284,53.084793559926304,107.10808724138023,319.44726148108543
Thursday,68,90.0,207.2992106389681,52.73546496523984,101.82828070848842,312.7701405694478
Thursday,69,88.0,201.43697601976606,51.84791706816999,97.74114188342608,305.1328101561061
Thursday,70,81.0,195.68871085883723,48.10291681119989,99.48287723643745,291.894544481237
Thursday,71,77.0,190.05219944182306,47.405248182710174,95.24170307640271,284.8626958072434
Thursday,72,72.0,184.5252691307312,44.555102850478924,95.41506342977335,273.63547483168907
Thursday,73,66.0,179.1057895264748,43.56436240586883,91.97706471473715,266.2345143382125
Thursday,74,66.0,173.79167164769376,43.2251208898777,87.34142986793836,260.24191342744916
Thursday,75,66.0,168.5808671255397,42.895821420398065,82.78922428474357,254.37250996633583
Thursday,76,62.0,163.4713674141164,41.505877399854555,80.45961261440729,246.4831222138255
Thursday,77,58.0,158.46120301626976,40.711572492625784,77.0380580310182,239.88434800152135
Thursday,78,56.0,153.5484427244294,40.12985812633457,73.28872647176027,233.80815897709854
Thursday,79,54.0,148.7311928762095,39.584131373719636,69.56293012877022,227.89945562364875
Thursday,80,50.0,144.0075966244816,38.76244493579521,66.48270675289119,221.532486496072
Thursday,81,50.0,139.37583322163835,38.46406457570899,62.44770407022037,216.30396237305632
Thursday,82,50.0,134.83411731777142,38.173988063392464,58.48614119098649,211.18209344455636
Thursday,83,48.0,130.38069827249478,37.625515546052654,55.129667180389475,205.6317293646001
Thursday,84,41.0,126.01385948014615,34.53178053920379,56.95029840173858,195.07742055855374
Thursday,85,39.0,121.73191770810793,33.75497711996185,54.22196346818423,189.24187194803164
Thursday,86,34.0,117.74315721099741,32.1378596975545,53.46743781588842,182.0188766061064
Thursday,87,33.0,113.83194340087016,31.721638878620983,50.388665643628194,177.27522115811212
Thursday,88,33.0,109.99676866936846,31.46473924746047,47.06729017444752,172.9262471642894
Thursday,89,33.0,106.23615471800011,31.214451983676668,43.80725075064677,168.66505868535344
Thursday,90,33.0,102.54865198831648,30.97056990020816,40.607512187900156,164.48979178873282
Thursday,91,30.0,98.93283910316869,30.080222428003776,38.77239424716114,159.09328395917623
Thursday,92,28.0,95.38732231882649,28.86854770529242,37.65022690824165,153.12441772941133
Thursday,93,26.0,91.91073498774887,27.97762022554531,35.95549453665825,147.86597543883948
Thursday,94,24.0,88.50173703179871,27.063621826112055,34.3744933795746,142.62898068402282
Thursday,95,23.0,85.33494719444131,26.46434942377309,32.40624834689513,138.2636460419875
Thursday,96,23.0,82.22972386638851,26.237250051636863,29.755223763114785,134.70422396966222
Thursday,97,23.0,79.18487011470104,26.008016965537724,27.168836183625594,131.2009040457765
Thursday,98,21.0,76.19921227637134,25.425084770505055,25.34904273536123,127.04938181738146
Thursday,99,20.0,73.27159950592565,24.8577340044805,23.556131496964653,122.98706751488665
Thursday,100,18.0,70.56038645260524,22.4268428880009,25.706700676603447,115.41407222860704
Thursday,101,17.0,67.90188290393996,21.940819744770266,24.02024341439943,111.7835223934805
Thursday,102,17.0,65.29506411866959,21.604322723608675,22.086418671452236,108.50370956588694
Thursday,103,17.0,62.88928638611986,21.42156924935198,20.046147887415906,105.73242488482381
Thursday,104,17.0,60.53028009871265,21.2377386558819,18.054802786948855,103.00575741047645
Thursday,105,14.0,58.21713595878046,19.137315442272243,19.942505074235974,96.49176684332494
Thursday,106,13.0,55.948962346583976,18.63526820139997,18.678425943784035,93.21949874938392
Thursday,107,13.0,53.86388981225227,18.363273610269438,17.13734259171339,90.59043703279114
Thursday,108,13.0,51.95565619828885,18.231223955914196,15.493208286460458,88.41810411011724
Thursday,109,13.0,50.08452112530331,18.09933115397841,13.885858817346488,86.28318343326013
Thursday,110,13.0,48.24976334945384,17.966355667715536,12.31705201402277,84.18247468488491
Thursday,111,11.0,46.45067564881619,17.27390831198074,11.902859024854706,80.99849227277767
Thursday,112,11.0,44.6865645507792,17.125722156468,10.4351202378432,78.9380088637152
Thursday,113,11.0,42.95675006474039,16.908697522739665,9.13935501926106,76.77414511021972
Thursday,114,9.0,41.38172146605119,15.19203250465896,10.99765645673327,71.76578647536911
Thursday,115,8.0,39.837313469882645,14.751129637310683,10.335054195261279,69.33957274450401
Thursday,116,8.0,38.322930771933926,14.634064902411522,9.054800967110882,67.59106057675697
Thursday,117,8.0,36.83798964139335,14.514140299140449,7.809709043112452,65.86627023967425
Thursday,118,7.0,35.3819176959347,13.998015379323336,7.385886937288031,63.37794845458137
Thursday,119,6.0,33.95415368108792,13.187418625075685,7.579316430936547,60.32899093123929
Thursday,120,6.0,32.66184005599054,12.988019160788223,6.685801734414092,58.637878377566985
Thursday,121,6.0,31.50024980105757,12.837554726712103,5.825140347633365,57.175359254481776
Thursday,122,4.0,30.46478850012228,10.501649351034244,9.46148979805379,51.468087202190766
Thursday,123,4.0,29.449457912335845,10.43713250779515,8.575192896745545,50.32372292792614
Thursday,124,4.0,28.453866670477193,10.374159240869249,7.705548188738696,49.20218515221569
Thursday,125,4.0,27.477631016012563,10.312686343890988,6.852258328230587,48.10300370379454
Thursday,126,3.0,26.52037465117273,7.767700161445747,10.984974328281236,42.05577497406422
Thursday,127,3.0,25.581728593906064,7.684146408910582,10.2134357760849,40.95002141172723
Thursday,128,4.0,24.661331035651465,7.078224304926216,10.504882425799032,38.8177796455039
Thursday,129,2.0,23.75882720187638,6.304603476124019,11.149620249628342,36.368034154124416
Thursday,130,2.0,22.873869215326167,6.217928165378004,10.438012884570158,35.30972554608218
Thursday,131,2.0,22.006115961932032,6.130813677436851,9.74448860705833,34.267743316805735
Thursday,132,2.0,21.15523295932593,6.042473844946503,9.070285269432922,33.240180649218935
Thursday,133,2.0,20.32089222791164,5.951430683606953,8.418030860697733,32.223753595125544
Thursday,134,2.0,19.50277216444249,5.853963385649729,7.7948453931430315,31.21069893574195
Thursday,135,3.0,18.700557418056803,4.934307894912366,8.831941628232071,28.569173207881533
Thursday,136,2.0,17.992600633656746,3.9466640344546216,10.099272564747503,25.88592870256599
Thursday,137,2.0,17.298407449050984,3.865096843537745,9.568213761975494,25.028601136126476
Thursday,138,2.0,16.617710281975352,3.783311579243586,9.05108712348818,24.184333440462524
Thursday,139,2.0,15.950246752312598,3.700882143247683,8.548482465817232,23.352011038807966
Thursday,140,2.0,15.295759580955881,3.6171256107865974,8.061508359382685,22.530010802529077
Thursday,141,2.0,14.653996490638495,3.5307634814369138,7.592469527764667,21.715523453512322
Thursday,142,2.0,14.02471010869161,3.4385942338716657,7.147521640948278,20.90189857643494
Thursday,143,2.0,13.407657871692507,3.307442896933935,6.792772077824637,20.022543665560377
Thursday,144,2.0,12.86983036971391,3.2448956665702235,6.3800390365734625,19.359621702854355
Thursday,145,2.0,12.34245893321658,3.182156467237866,5.978145998740848,18.70677186769231
Thursday,146,2.0,11.825340282701154,3.118879866664037,5.5875805493730795,18.063100016029228
Thursday,147,2.0,11.318275090685868,3.054502950212295,5.209269190261278,17.427280991110457
Thursday,148,2.0,10.821067904874209,2.987952628701885,4.845162647470438,16.79697316227798
Thursday,149,2.0,10.333527072816272,2.9164926087889644,4.500541855238343,16.166512290394202
Thursday,150,1.0,9.855464668034806,2.4353644763718814,4.984735715291043,14.726193620778568
Thursday,151,1.0,9.445292448893388,2.389793064872184,4.66570631914902,14.224878578637757
Thursday,152,1.0,9.043094510662044,2.3445540321913994,4.3539864462792455,13.732202575044843
Thursday,153,0.0,8.648715822958255,1.5848669801416617,5.478981862674932,11.81844978324158
Thursday,154,0.0,8.262004369391578,1.5358151475432409,5.190374074305096,11.33363466447806
Thursday,155,0.0,7.882811088967731,1.4869359497278787,4.908939189511974,10.856682988423488
Thursday,156,0.0,7.510989818631846,1.4381376407405553,4.634714537150735,10.387265100112957
Thursday,157,0.0,7.146397236928765,1.3893068025183264,4.367783631892112,9.925010841965417
Thursday,158,0.0,6.788892808758645,1.3402975676538023,4.10829767345104,9.469487944066248
Thursday,159,0.0,6.438338731206591,1.2909125239415142,3.8565136833235627,9.02016377908962
Thursday,160,0.0,6.09459988042544,1.2408655362632786,3.6128688078988827,8.576330952951997
Thursday,161,0.0,5.757543759551185,1.189699144466013,3.3781454706191587,8.13694204848321
Thursday,162,0.0,5.427040447631026,1.136560020973544,3.1539204056839383,7.700160489578114
Thursday,163,0.0,5.102962549544301,1.0793197096115439,2.9443231303212136,7.261601968767389
Thursday,164,0.0,4.785185146897026,0.9960010864655571,2.793182973965912,6.7771873198281405
Thursday,165,0.0,4.518099949446246,0.9578269219514043,2.6024461055434376,6.433753793349055
Thursday,166,0.0,4.2562072352793265,0.9192278572652574,2.417751520748812,6.094662949809841
Thursday,167,0.0,3.9994060557742124,0.879953463146266,2.2394991294816804,5.759312982066744
Thursday,168,0.0,3.7475974248812376,0.8396033461843363,2.0683907325125652,5.42680411724991
Thursday,169,0.0,3.5006842809681578,0.7974312701800577,1.9058217406080424,5.0955468213282735
Thursday,170,0.0,3.2585714494069835,0.7515785676623413,1.7554143140823009,4.761728584731666
Thursday,171,0.0,3.0211656058881573,0.6828852052198716,1.655395195448414,4.3869360163279
Thursday,172,0.0,2.8271736346879983,0.6534220072878912,1.5203296201122158,4.134017649263781
Thursday,173,0.0,2.6369531194774405,0.623461836101083,1.3900294472752746,3.883876791679606
Thursday,174,0.0,2.450430738251489,0.5927739990968992,1.2648827400576907,3.6359787364452876
Thursday,175,0.0,2.267534594480198,0.5609923418946046,1.1455499106909888,3.389519278269407
Thursday,176,0.0,2.088194189395584,0.527442317803013,1.0333095537895582,3.14307882500161
Thursday,177,0.0,1.912340394817321,0.49046922746791644,0.9314019398814881,2.8932788497531536
Thursday,178,0.0,1.7399054265067284,0.43332179241784863,0.8732618416710312,2.606549011342426
Thursday,179,0.0,1.60463933973239,0.41002096783712405,0.7845974040581418,2.424681275406638
Thursday,180,0.0,1.4720030014471202,0.38580962201756597,0.7003837574119882,2.243622245482252
Thursday,181,0.0,1.3419452859232466,0.36025113912906115,0.6214430076651243,2.062447564181369
Thursday,182,0.0,1.214416061383674,0.33253878052673136,0.5493385003302114,1.8794936224371368
Thursday,183,0.0,1.0893661706781952,0.30075723008214084,0.4878517105139135,1.6908806308424769
Thursday,184,0.0,0.966747412335476,0.2487645080199557,0.4692183962955646,1.4642764283753875
Thursday,185,0.0,0.876571244571432,0.21024104654870945,0.4560891514740131,1.297053337668851
Thursday,186,0.0,0.8176225606450871,0.20176059259916207,0.41410137544676295,1.2211437458434111
Thursday,187,0.0,0.7598199157310672,0.19324733140450645,0.3733252529220543,1.1463145785400801
Thursday,188,0.0,0.703141029341831,0.18468120576175628,0.3337786178183184,1.0725034408653435
Thursday,189,0.0,0.6475640541514663,0.17603825057032307,0.2954875530108202,0.9996405552921125
Thursday,190,0.0,0.593067567574465,0.1672892260846282,0.2584891154052086,0.9276460197437214
Thursday,191,0.0,0.5396305635082166,0.15839756392886345,0.2228354356504897,0.8564256913659435
Thursday,192,0.0,0.48723244423604095,0.14931614157358686,0.18860016108886724,0.7858647273832147
Thursday,193,0.0,0.43585301248763414,0.13998193194043906,0.155889148606756,0.7158168763685122
Thursday,194,0.0,0.3854724636538707,0.1303064832142184,0.12485949722543394,0.6460854300823076
Thursday,195,0.0,0.3360713781529609,0.12015732118914446,0.09575673577467197,0.5763860205312499
Thursday,196,0.0,0.28763071394501794,0.1093165264919517,0.06899766096111454,0.5062637669289214
Thursday,197,0.0,0.2401317991921533,0.09736794534962934,0.04539590849289463,0.434867689891412
Thursday,198,0.0,0.19355632506126888,0.08325511165506135,0.02704610175114619,0.36006654837139157
Thursday,199,0.0,0.1478863386667725,0.05593883981758829,0.03600865903159592,0.25976401830194906
Thursday,200,0.0,0.1254952874086338,0.051262019309555165,0.022971248789523474,0.22801932602774413
Thursday,201,0.0,0.1035395472814587,0.04632213400914469,0.010895279263169313,0.1961838152997481
Thursday,202,0.0,0.0820106552712262,0.041015203375978845,-1.9751480731494686e-05,0.1640410620231839
Thursday,203,0.0,0.0609003128959046,0.03516532884489505,-0.009430344793885506,0.13123097058569472
Thursday,204,0.0,0.040200383006735896,0.0284273328920092,-0.0166542827772825,0.0970550487907543
Thursday,205,0.0,0.0199028866517071,0.0199028866517071,-0.0199028866517071,0.0597086599551213
Thursday,213,1.0,0.4433946323811631,0.9857313614831749,-1.5280680905851867,2.414857355347513
Thursday,214,0.0,0.426384611357758,0.07346440119586548,0.27945580896602706,0.573313413749489
Thursday,215,0.0,0.4097052872455451,0.07154591805425962,0.26661345113702584,0.5527971233540644
Thursday,216,0.0,0.3933502308668695,0.0696514933154859,0.2540472442358977,0.5326532174978413
Thursday,217,0.0,0.377313138035644,0.06778010161249268,0.24175293481065863,0.5128733412606293
Thursday,218,0.0,0.36158782712735027,0.06593069673101697,0.22972643366531634,0.49344922058938423
Thursday,219,0.0,0.34616823669628316,0.0641022074688187,0.21796382175864576,0.47437265163392056
Thursday,220,0.0,0.331048423139118,0.06229353289364827,0.20646135735182142,0.45563548892641453
Thursday,221,0.0,0.3162225584039017,0.0605035368819469,0.19521548464000787,0.4372296321677955
Thursday,222,0.0,0.3016849277435841,0.05873104179230352,0.18422284415897705,0.4191470113281911
Thursday,223,0.0,0.28742992751322327,0.05697482109179208,0.1734802853296391,0.40137956969680744
Thursday,224,0.0,0.2734520630100164,0.0552335907068489,0.1629848815963186,0.38391924442371417
Thursday,225,0.0,0.2597459463553226,0.05350599880966274,0.15273394873599713,0.3667579439746481
Thursday,226,0.0,0.24630629441786292,0.051790613671007665,0.1427250670758476,0.34988752175987825
Thursday,227,0.0,0.23312792677729502,0.050085909103754905,0.1329561085697852,0.33329974498480486
Thursday,228,0.0,0.22020576372737952,0.048390246877454524,0.12342526997247047,0.3169862574822886
Thursday,229,0.0,0.20753482431796683,0.04670185528802886,0.11413111374190911,0.30093853489402456
Thursday,230,0.0,0.19511022443505033,0.04501880279498135,0.10507261884508763,0.28514783002501304
Thursday,231,0.0,0.18292717491814603,0.04333896525716874,0.09624924440380855,0.2696051054324835
Thursday,232,0.0,0.17098097971427273,0.04165998475411427,0.0876610102060442,0.25430094922250124
Thursday,233,0.0,0.15926703406782114,0.03997921718974761,0.07930859968832592,0.23922546844731635
Thursday,234,0.0,0.14778082274561433,0.03829366470536111,0.07119349333489211,0.22436815215633654
Thursday,235,0.0,0.13651791829647533,0.03659988715742419,0.06331814398162695,0.20971769261132372
Thursday,236,0.0,0.12547397934463103,0.03489388416849176,0.05568621100764751,0.19526174768161456
Thursday,237,0.0,0.11464474891629434,0.03317093487820484,0.048302879159884654,0.18098661867270402
Thursday,238,0.0,0.10402605279878023,0.03142537531133077,0.041175302176118686,0.1668768034214418
Thursday,239,0.0,0.09361379793152193,0.029650280977374453,0.03431323597677302,0.15291435988627083
Thursday,240,0.0,0.08340397082836873,0.027837000423195236,0.027729969981978256,0.13907797167475922
Thursday,241,0.0,0.07339263603055562,0.02597444452008682,0.021443746990381984,0.12534152507072926
Thursday,242,0.0,0.06357593458974964,0.02404795502634571,0.01548002453705822,0.11167184464244106
Thursday,243,0.0,0.0539500825805877,0.022037402615709023,0.009875277349169653,0.09802488781200575
Thursday,244,0.0,0.04451136964213254,0.019913759366636377,0.004683850908859782,0.08433888837540529
Thursday,245,0.0,0.03525615754768468,0.01763232432775339,-8.491107822104771e-06,0.07052080620319146
Thursday,246,0.0,0.02618087880239911,0.015117479184521873,-0.004054079566644636,0.056415837171442856
Thursday,247,0.0,0.01728203526816616,0.012220833058662268,-0.007159630849158376,0.0417237013854907
Thursday,248,0.0,0.0085561968152264,0.0085561968152264,-0.0085561968152264,0.0256685904456792
Tuesday,1,447.0,578.5995259089464,107.53978596828671,363.51995397237295,793.6790978455198
Tuesday,2,440.0,566.1631800451321,107.07626698301317,352.01064607910575,780.3157140111584
Tuesday,3,438.0,553.9625121265159,106.35064660707623,341.26121891236346,766.6638053406683
Tuesday,4,431.0,541.9930558818581,106.07099157112634,329.85107273960546,754.1350390241108
Tuesday,5,420.0,530.2504296790606,103.5901780728372,323.0700735333862,737.430785824735
Tuesday,6,417.0,518.7303349211913,102.54942646369992,313.6314819937915,723.8291878485911
Tuesday,7,391.0,507.4285544729071,96.7955444926517,313.8374654876037,701.0196434582105
Tuesday,8,370.0,496.3409511166959,92.0774567050977,312.18603770650054,680.4958645268913
Tuesday,9,369.0,485.4634660383759,91.37991553524425,302.7036349678874,668.2232971088644
Tuesday,10,368.0,474.79211734129274,90.80363223613902,293.18485286901466,656.3993818135708
Tuesday,11,355.0,464.32299858867714,89.38181479181775,285.5593690050416,643.0866281723127
Tuesday,12,331.0,454.0522773736234,86.65833196471492,280.7356134441935,627.3689413030532
Tuesday,13,317.0,443.9761939161691,85.26361842751973,273.44895706112965,614.5034307712085
Tuesday,14,305.0,434.0910596869607,84.53435681047233,265.02234606601604,603.1597733079054
Tuesday,15,296.0,424.3932560570022,84.21639979409738,255.96045646880742,592.8260556451969
Tuesday,16,293.0,414.87923297299085,83.86408628639909,247.15106040019268,582.607405545789
Tuesday,17,292.0,405.54550765775815,83.28848287574395,238.96854190627025,572.122473409246
Tuesday,18,276.0,396.38866333533656,81.83376344649027,232.72113644235603,560.0561902283171
Tuesday,19,267.0,387.4053479801886,80.6251136553023,226.155120669584,548.6555752907932
Tuesday,20,247.0,378.5922730901378,79.10218845831002,220.38789617351773,536.7966500067578
Tuesday,21,227.0,369.9462124825545,76.62086358278938,216.7044853169757,523.1879396481332
Tuesday,22,226.0,361.464001113354,76.21423031564048,209.03554048207306,513.8924617446349
Tuesday,23,226.0,353.1425339183762,75.74925318889794,201.64402754058034,504.6410402961721
Tuesday,24,223.0,344.97876467672177,75.31867953578742,194.34140560514692,495.6161237482966
Tuesday,25,214.0,336.9697048956284,74.92970714781389,187.11029060000064,486.82911919125615
Tuesday,26,209.0,329.1124227164805,74.38528147819822,180.34185976008408,477.882985672877
Tuesday,27,206.0,321.4040418415501,74.01444030087278,173.37516123980456,469.43292244329564
Tuesday,28,199.0,313.84174048107667,73.44250915865891,166.95672216375885,460.7267587983945
Tuesday,29,187.0,306.4227503203014,71.44685377405634,163.52904277218875,449.3164578684141
Tuesday,30,187.0,299.1443555060758,71.06785947749377,157.00863655108824,441.28007446106335
Tuesday,31,185.0,292.0038916526758,70.79313814412579,150.41761536442422,433.59016794092736
Tuesday,32,174.0,284.99874486645587,69.1495497032993,146.69964545985727,423.29784427305447
Tuesday,33,167.0,278.12635078898694,67.6552262066819,142.81589837562314,413.43680320235075
Tuesday,34,163.0,271.3841936583274,67.28091462660117,136.82236440512503,405.9460229115297
Tuesday,35,152.0,264.76980538808346,66.51311071047267,131.7435839671381,397.79602680902883
Tuesday,36,148.0,258.28076466392275,65.92619607152552,126.4283725208717,390.13315680697383
Tuesday,37,149.0,251.914696057209,65.20213102082673,121.51043401555555,382.3189580988625
Tuesday,38,149.0,245.66926915543402,64.89727711117561,115.8747149330828,375.4638233777853
Tuesday,39,139.0,239.542197709129,63.00310590681663,113.53598589549574,365.54840952276226
Tuesday,40,135.0,233.5312387949422,62.81666755077016,107.89790369340187,359.1645738964825
Tuesday,41,127.0,227.63419199457707,62.44273091508139,102.74873016441428,352.51965382473986
Tuesday,42,116.0,221.84889858928994,59.96524706197016,101.91840446534962,341.77939271323027
Tuesday,43,123.0,216.17324076965272,54.86128087127104,106.45067902711064,325.8958025121948
Tuesday,44,122.0,210.60514086029127,54.59475748359951,101.41562589309225,319.79465582749026
Tuesday,45,120.0,205.14256055931523,54.337124453734916,96.4683116518454,313.81680946678506
Tuesday,46,103.0,199.78350019216134,40.5219734107918,118.73955337057774,280.827447013745
Tuesday,47,99.0,194.52599797957743,40.042617538305336,114.44076290296675,274.6112330561881
Tuesday,48,86.0,189.36812931947773,34.85315543035938,119.66181845875897,259.07444018019646
Tuesday,49,82.0,184.30800608240858,33.78188648472566,116.74423311295726,251.8717790518599
Tuesday,50,78.0,179.34377592036486,33.470583618862186,112.40260868264049,246.28494315808922
Tuesday,51,78.0,174.47362158870496,33.112395763682784,108.24883006133939,240.69841311607053
Tuesday,52,78.0,169.69576028091643,32.7638626262939,104.16803502832863,235.22348553350423
Tuesday,53,76.0,165.0084429759879,32.4361056640242,100.1362316479395,229.88065430403628
Tuesday,54,71.0,160.4099537981485,30.379585914996305,99.6507819681559,221.1691256281411
Tuesday,55,67.0,155.8986093887415,29.06045795378249,97.77769348117653,214.01952529630648
Tuesday,56,67.0,151.47275829000088,28.716442844675885,94.03987260064912,208.90564397935265
Tuesday,57,65.0,147.1307803405056,28.3686873127221,90.39340571506139,203.8681549659498
Tuesday,58,65.0,142.8710860820911,28.041731494049895,86.7876230939913,198.9545490701909
Tuesday,59,65.0,138.6921161779996,27.723130013242713,83.24585615151418,194.138376204485
Tuesday,60,65.0,134.59234084205735,27.412709131667054,79.76692257872324,189.41775910539147
Tuesday,61,64.0,130.57025927866925,27.094648465984847,76.38096234669956,184.75955621063895
Tuesday,62,61.0,126.62439913342583,26.342103331442644,73.94019247054054,179.3086057963111
Tuesday,63,55.0,122.7533159541218,25.174856659138438,72.40360263584492,173.1030292723987
Tuesday,64,52.0,118.95559266198872,24.784682876992864,69.38622690800298,168.52495841597445
Tuesday,65,52.0,115.22983903294812,24.492264001670044,66.24531102960803,164.2143670362882
Tuesday,66,52.0,111.57469118869517,24.206807463177448,63.16107626234027,159.98830611505008
Tuesday,67,51.0,107.988811097427,23.895724656559175,60.197361784308654,155.78026041054534
Tuesday,68,49.0,104.4708860840322,23.536787815382556,57.39731045326709,151.5444617147973
Tuesday,69,47.0,101.01962834956295,23.17525933536768,54.66910967882759,147.3701470202983
Tuesday,70,43.0,97.63377449981311,22.39134107076673,52.85109235827965,142.41645664134657
Tuesday,71,41.0,94.31208508283055,22.017751823940806,50.27658143494894,138.34758873071218
Tuesday,72,41.0,91.0533441351936,21.760697299646097,47.531949535901404,134.57473873448578
Tuesday,73,41.0,87.85635873688612,21.509253506850413,44.837851723185295,130.87486575058693
Tuesday,74,38.0,84.71995857460792,21.039113116455137,42.64173234169764,126.7981848075182
Tuesday,75,37.0,81.64299551336069,20.69971177620497,40.243571960950746,123.04241906577063
Tuesday,76,35.0,78.62434317615296,20.29333781822191,38.03766753970914,119.21101881259679
Tuesday,77,34.0,75.66289653166962,19.935379600058297,35.79213733155302,115.53365573178621
Tuesday,78,35.0,72.75757148975572,19.382011261302537,33.993548967150645,111.5215940123608
Tuesday,79,35.0,69.90730450456589,19.135282630226254,31.63673924411338,108.17786976501839
Tuesday,80,35.0,67.11105218523456,18.88843774345386,29.334176698326836,104.88792767214227
Tuesday,81,32.0,64.3677909139242,18.306091487891706,27.755607938140784,100.97997388970761
Tuesday,82,32.0,61.676516471111775,18.01622543852584,25.644065594060095,97.70896734816345
Tuesday,83,27.0,59.036243667976436,16.270814268205694,26.494615131565048,91.57787220438783
Tuesday,84,25.0,56.733810172667155,15.866833347975653,25.00014347671585,88.46747686861846
Tuesday,85,24.0,54.47500949370695,15.586916388386667,23.301176716933615,85.64884227048029
Tuesday,86,24.0,52.259014756979155,15.426272157251418,21.40647044247632,83.11155907148199
Tuesday,87,24.0,50.08501475824276,15.269960844216147,19.545093069810463,80.62493644667505
Tuesday,88,21.0,47.952213666176604,14.241741402635057,19.46873086090649,76.43569647144672
Tuesday,89,20.0,45.859830731051275,13.942069389298842,17.97569195245359,73.74396950964896
Tuesday,90,16.0,43.80709999892171,12.648982911084554,18.5091341767526,69.10506582109082
Tuesday,91,15.0,41.79327003123616,12.32164758362465,17.149974863986863,66.43656519848545
Tuesday,92,15.0,39.817603629758835,12.161115492997078,15.495372643764679,64.13983461575299
Tuesday,93,15.0,37.879377566705315,12.004521686757757,13.870334193189802,61.888420940220826
Tuesday,94,15.0,35.977882319992176,11.851790469244257,12.274301381503662,59.68146325848069
Tuesday,95,12.0,34.11242181350387,11.137143244275576,11.83813532495272,56.38670830205503
Tuesday,96,12.0,32.2823131622817,10.984132762138067,10.314047638005569,54.25057868655784
Tuesday,97,10.0,30.486886422541566,10.42174875068872,9.643388921164128,51.330383923919
Tuesday,98,8.0,28.725484346429223,8.635566752492075,11.454350841445073,45.996617851413376
Tuesday,99,7.0,26.997462141423014,8.190153749365093,10.617154642692828,43.377769640153204
Tuesday,100,7.0,25.302187234296085,7.953642720403827,9.394901793488431,41.20947267510374
Tuesday,101,7.0,23.639039039551736,7.600199183253437,8.438640673044862,38.83943740605861
Tuesday,102,7.0,22.21136252066018,7.456462044716348,7.298438431227485,37.12428661009288
Tuesday,103,6.0,20.810741526925614,7.041680818678151,6.7273798895693115,34.894103164281915
Tuesday,104,6.0,19.43666333615095,6.896172427229754,5.6443184816914425,33.22900819061046
Tuesday,105,5.0,18.088624942603634,6.438918764131405,5.210787414340823,30.966462470866446
Tuesday,106,5.0,16.766132872881503,6.288290269378604,4.189552334124295,29.342713411638712
Tuesday,107,5.0,15.468703005268072,6.137301756423588,3.1940994924208965,27.743306518115247
Tuesday,108,5.0,14.19586039251116,5.9850063859443665,2.2258476206224262,26.16587316439989
Tuesday,109,4.0,12.947139087960034,5.42494937163819,2.0972403446836534,23.797037831236416
Tuesday,110,4.0,11.722081974997344,5.250833391604219,1.2204151917889057,22.223748758205783
Tuesday,111,3.0,10.520240599703476,4.3499586646639665,1.8203232703755425,19.22015792903141
Tuesday,112,2.0,9.509612948550803,3.5702531485796816,2.36910665139144,16.650119245710165
Tuesday,113,2.0,8.683383356668136,3.4613841752263665,1.760615006215403,15.606151707120869
Tuesday,114,2.0,7.872811426176443,3.3505896700511033,1.1716320860742364,14.57399076627865
Tuesday,115,2.0,7.077600432820562,3.236486637511202,0.6046271577981583,13.550573707842965
Tuesday,116,1.0,6.2974592754892775,2.2869863799972485,1.7234865154947805,10.871432035483775
Tuesday,117,1.0,5.68517375081991,2.1683372738269187,1.3484992031660727,10.021848298473747
Tuesday,118,1.0,5.0844914893525015,1.964102762378321,1.1562859645958596,9.012697014109143
Tuesday,119,1.0,4.642517322843618,1.9102892185921267,0.8219388856593648,8.463095760027873
Tuesday,120,1.0,4.208918893430985,1.8566457807603678,0.4956273319102493,7.9222104549517205
Tuesday,121,1.0,3.783537474706539,1.803080430545351,0.177376613615837,7.389698335797241
Tuesday,122,0.0,3.366217348244964,0.8999057655220054,1.5664058172009534,5.166028879288975
Tuesday,123,0.0,3.093276280481774,0.8571876110121449,1.3789010584574843,4.807651502506064
Tuesday,124,0.0,2.8255076476697303,0.8138839178860556,1.197739811897619,4.453275483441842
Tuesday,125,0.0,2.56281342834382,0.7698085449118701,1.02319633852008,4.10243051816756
Tuesday,126,0.0,2.3050974586182402,0.7247216595688151,0.8556541394806101,3.7545407777558704
Tuesday,127,0.0,2.0522653969838878,0.6783027733563829,0.695659850271122,3.4088709436966536
Tuesday,128,0.0,1.804224689772984,0.6301029313482673,0.5440188270764492,3.064430552469519
Tuesday,129,0.0,1.560884537278154,0.5794516662142821,0.40198120484958966,2.7197878697067184
Tuesday,130,0.0,1.3221558605135861,0.5252505535306216,0.271654753452343,2.3726569675748292
Tuesday,131,0.0,1.08795126860608,0.4654131535272329,0.15712496155161415,2.018777575660546
Tuesday,132,0.0,0.858185026804072,0.3946767270149785,0.068831572774115,1.647538480834029
Tuesday,133,0.0,0.6327730250929,0.2584663378120945,0.11584034946871102,1.149705700717089
Tuesday,134,0.0,0.522202886248871,0.23362168601824596,0.0549595142123791,0.9894462582853629
Tuesday,135,0.0,0.41372813325277297,0.20691138233660183,-9.463142043070194e-05,0.8275508979259767
Tuesday,136,0.0,0.307309056994192,0.17744661267185055,-0.047584168349509126,0.662202282337893
Tuesday,137,0.0,0.202906700879705,0.14348326866383268,-0.08405983644796036,0.4898732382073704
Tuesday,138,0.0,0.100482846572125,0.100482846572125,-0.100482846572125,0.301448539716375
